{
    // Use IntelliSense to learn about possible attributes.
    // Hover to view descriptions of existing attributes.
    "version": "0.2.0",
    "configurations": [
        {
            "type": "java",
            "name": "Debug Driver",
            "request": "launch",
            "cwd": "${workspaceFolder}",
            "console": "internalConsole",
            "stopOnEntry": false,
            "mainClass": "trivera.collections.simplegame.RunGame",
            "args": ""
        }
    ]
}
  